1;anifire.studio.components.StudioPreloader_imgLogo
2;anifire.studio.components.StudioPreloader_imgBarTrack
3;anifire.studio.components.StudioPreloader_imgBarFill
0;_studio_mx_managers_SystemManager
5;mx.skins.cursor.BusyCursor
8;__brokenImage
12;mx.skins.cursor.DragLink
13;mx.skins.cursor.DragMove
16;mx.skins.cursor.DragReject
18;cursorStretch
20;mx.skins.cursor.DragCopy
22;ZoomSymbol
24;PanSymbol
26;CutSymbol
29;com.jumpeye.flashEff2.text.creation.FETCreation
32;com.jumpeye.flashEff2.text.elasticScale.FETElasticScale
33;com.jumpeye.flashEff2.symbol.sparkle.FESSparkle
34;com.jumpeye.flashEff2.text.fe3D.camXYZPivot.FET3DCamXYZPivot
37;com.jumpeye.flashEff2.text.magneticWind.FETMagneticWind
38;com.jumpeye.flashEff2.symbol.disc.FESDisc
39;com.jumpeye.flashEff2.symbol.mystery.FESMystery
44;com.jumpeye.flashEff2.text.centerScaleDissolve.FETCenterScaleDissolve
45;com.jumpeye.flashEff2.text.alpha.FETAlpha
46;com.jumpeye.flashEff2.text.slowSlide.FETSlowSlide
47;com.jumpeye.flashEff2.text.fe3D.camFocus.FET3DCamFocus
48;com.jumpeye.flashEff2.text.fe3D.camDepth.FET3DCamDepth
49;com.jumpeye.flashEff2.symbol.desertIllusion.FESDesertIllusion
50;com.jumpeye.flashEff2.text.glowingGroup.FETGlowingGroup
51;com.jumpeye.flashEff2.text.flip.FETFlip
52;com.jumpeye.flashEff2.text.bubbleScale.FETBubbleScale
53;com.jumpeye.flashEff2.text.lightBeam.FETLightBeam
54;com.jumpeye.flashEff2.text.bubbles.FETBubbles
55;com.jumpeye.flashEff2.text.wigiligi.FETWigiligi
56;com.jumpeye.flashEff2.text.lineBent.FETLineBent
57;com.jumpeye.flashEff2.text.wavesMask.FETWavesMask
58;com.jumpeye.flashEff2.text.spiral.FETSpiralNo2
62;com.jumpeye.flashEff2.text.industrial.FETIndustrial2
63;com.jumpeye.flashEff2.symbol.scale.FESScale
64;com.jumpeye.flashEff2.text.chaotic.FETChaotic
65;com.jumpeye.flashEff2.text.blur.FETBlurryLight
66;com.jumpeye.flashEff2.text.xyscale.FETXYScale
69;com.jumpeye.flashEff2.text.industrial.FETIndustrial
70;com.jumpeye.flashEff2.text.xyResolve.FETXYResolve
71;com.jumpeye.flashEff2.text.glow.FETGlow
72;com.jumpeye.flashEff2.symbol.intersectingStripes.FESIntersectingStripes
73;com.jumpeye.flashEff2.text.fallAndGlow.FETFallAndGlow
74;com.jumpeye.flashEff2.text.verticalStripes.FETVerticalStripes
75;com.jumpeye.flashEff2.text.fe3D.camXYZ.FET3DCamXYZ
76;com.jumpeye.flashEff2.text.slideBounce.FETSlideBounce
77;com.jumpeye.flashEff2.text.scrollSlide.FETScrollSlideBlur
78;com.jumpeye.flashEff2.text.blur.FETBlur
79;com.jumpeye.flashEff2.symbol.unpack.FESUnpack
80;com.jumpeye.flashEff2.text.jiggy.FETJiggy
81;com.jumpeye.flashEff2.text.dynamicCurve.FETDynamicCurve
82;com.jumpeye.flashEff2.text.wavingLines.FETWavingLines
83;com.jumpeye.flashEff2.text.scramble.FETScramble
84;com.jumpeye.flashEff2.symbol.brightSquares.FESBrightSquares
85;com.jumpeye.flashEff2.text.lineBurnAndFlow.FETLineBurnAndFlow
86;com.jumpeye.flashEff2.symbol.zoomBlur.FESZoomBlur
87;com.jumpeye.flashEff2.text.twilight.FETTwilight
90;com.jumpeye.flashEff2.text.fe3D.motion.FET3DMotion
91;com.jumpeye.flashEff2.text.slice.FETSlice
92;com.jumpeye.flashEff2.text.xyscaleBlur.FETXYScaleBlur
93;com.jumpeye.flashEff2.text.horizontalGrow.FETHorizontalGrow
94;com.jumpeye.flashEff2.text.glowAndBurn.FETGlowAndBurn
95;com.jumpeye.flashEff2.text.stationPanels.FETStationPanels
96;com.jumpeye.flashEff2.text.spiral.FETSpiral
97;com.jumpeye.flashEff2.symbol.stripes.FESLightStripes
98;com.jumpeye.flashEff2.text.fe3D.camMatrix.FET3DCamMatrix
99;com.jumpeye.flashEff2.text.emerge.FETEmerge
100;com.jumpeye.flashEff2.text.neonTubes.FETNeonTubes
101;com.jumpeye.flashEff2.text.scrollSlide.FETScrollSlideGlow
102;com.jumpeye.flashEff2.text.chasingWords.FETChasingWords
103;com.jumpeye.flashEff2.text.verticalDisolve.FETVerticalDisolve
104;com.jumpeye.flashEff2.text.smartSlide.FETSmartSlide
105;com.jumpeye.flashEff2.text.horizontalDisolve.FETHorizontalDisolve
106;com.jumpeye.flashEff2.symbol.badTransmission.FESBadTransmission
107;com.jumpeye.flashEff2.text.scrollSlide.FETScrollSlide
108;com.jumpeye.flashEff2.symbol.squareEffect.FESSquareExplode
109;com.jumpeye.flashEff2.text.spinningGenie.FETSpinningGenie
112;FlashEff2Flex
115;Grayscale
117;HoveringSymbol
119;UpsidedownSymbol
120;Sepia
124;FadeinSymbol
126;FadeoutSymbol
128;EarthquakeSymbol
131;BumpyrideSymbol
133;FireworkSymbol
137;DoubleredalertSymbol
138;com.jumpeye.flashEff2.symbol.mystery.FESMystery_selfDisplace
139;com.jumpeye.flashEff2.text.lightBeam.FETLightBeam_lightBeam
140;com.jumpeye.flashEff2.symbol.zoomBlur.FESZoomBlur_zoomBlur
141;com.jumpeye.flashEff2.text.twilight.FETTwilight_lightBeam
89;boundingBox_mcPattern
143;BoomSymbol
145;CloudSymbol
147;CloudTailSymbol
150;HeartSymbol
152;ResizeArrow
154;ResizeArrowShadow
157;myDot
165;myBeam
166;anifire.studio.components.CharacterThumbRenderer__embed_mxml__styles_images_tray_cc_copy_png_1403271745
169;anifire.studio.components.ThemeIcon_imgInThisVideo
168;anifire.studio.components.ThemeIcon_imgLilPetz
167;anifire.studio.components.TransitionPreview__embed_mxml__styles_images_enterexit_iriscircle_thumb_swf_1588186247
167;anifire.effect.ZoomEffect_iconPurple
170;anifire.studio.components.ThemeIcon_imgCommunity
171;anifire.studio.components.FontDropDownList_telex
167;anifire.studio.components.TransitionPreview__embed_mxml__styles_images_transitions_prev_info_blinds_swf_1364392313
172;anifire.studio.assets.control.ResizeTopRightIcon
173;anifire.studio.components.SceneTransitionIcon_imgSqueeze
174;_class_embed_css__styles_images_tray_item_play_hover_png__183474540_2134409602
175;anifire.studio.components.FontDropDownList_existence_light
176;anifire.studio.components.AssetControlBar__embed_mxml__styles_images_toolbar_tools_sendfront_png_67588479
177;anifire.studio.components.EffectControlsItemRenderer__embed_mxml__styles_images_panel_fx_delete_png_1980079335
178;anifire.studio.components.FontDropDownList_lato
95;com.jumpeye.flashEff2.text.stationPanels.FETStationPanels
179;anifire.studio.components.TimelineToolBar_imgExpand
180;anifire.studio.skins.FlowFrameScaleImageButtonSkin__embed_mxml__styles_images_tray_button_flow_frame_scale_image_png_1520609207
5;_class_embed_css_Assets_swf_1135953132_mx_skins_cursor_BusyCursor_217471087
182;anifire.studio.components.DialogPanel__embed_mxml__styles_images_voicetab_outsidelink_png_244722303
181;anifire.studio.components.SceneTransitionIcon_imgRotate
184;anifire.studio.components.BubbleThumbSparkImage_imgIHate
183;anifire.studio.components.ThemeIcon_imgSpacePeepz
8;_class_embed_css_Assets_swf_1135953132___brokenImage_928590503
185;anifire.studio.skins.FlatRadioButtonCCWSkin__embed_mxml__styles_images_panel_icon_anticlockwise_png_85953417
187;anifire.studio.skins.RemoveCharacterMovementDropDownOpenButtonSkin__embed_mxml__styles_images_toolbar_ico_walk_on_init_png_587201281
186;anifire.studio.skins.DataGridRowToggleButtonSkin__embed_mxml__styles_images_widget_img_drag_v_png_1473385417
189;anifire.studio.components.GoToolBar__embed_mxml__styles_images_toolbar_main_undo_disable_png_320370625
188;anifire.studio.components.AddCharacterGroup__embed_mxml__styles_images_tray_add_cc_png_962341247
191;anifire.effect.ZoomEffect_iconBlue_dataClass
190;anifire.studio.components.PlainDialogDetailControlGroup__embed_mxml__styles_images_voicetab_viewpage_edit_png_1122458625
12;_class_embed_css_Assets_swf_1135953132_mx_skins_cursor_DragLink_535912526
192;anifire.studio.components.LanguageIcon_flag_sv
193;anifire.studio.components.TransitionPreview__embed_mxml__styles_images_transitions_prev_clean_hand_swf_80318081_dataClass
57;com.jumpeye.flashEff2.text.wavesMask.FETWavesMask
195;anifire.studio.skins.AssetSlideToggleButtonSkin__embed_mxml__styles_images_toolbar_tools_slide_png_1963897473
194;anifire.studio.components.FontDropDownList_leagueGothic
196;anifire.studio.components.BubbleThumbSparkImage_imgBangers
197;anifire.studio.components.ThemeIcon_imgCommonCraft
198;anifire.component.CustomCharacterMaker_GoColorMapShaderClass
199;anifire.studio.components.StarterDropStageCover__embed_mxml__styles_images_icons_ico_replacetemp_init_png_1225274441
200;anifire.studio.components.ThemeIcon_imgSearchLarge
58;com.jumpeye.flashEff2.text.spiral.FETSpiralNo2
202;anifire.studio.components.FontDropDownList_honey
201;anifire.studio.components.SceneTransitionIcon_imgNull
203;_class_embed_css__styles_images_tray_tab_effect_png__1698941702_768831312
46;com.jumpeye.flashEff2.text.slowSlide.FETSlowSlide
206;anifire.studio.components.ThemeIcon_imgYourLibrary
205;anifire.studio.components.SceneTransitionIcon_imgCleanBrush
204;anifire.studio.components.LanguageIcon_flag_tr
208;anifire.studio.skins.FontWeightToggleButtonSkin__embed_mxml__styles_images_panel_text_style_bold_png_1899340281
207;anifire.studio.components.SceneTransitionIcon_imgFESZoomBlur
84;com.jumpeye.flashEff2.symbol.brightSquares.FESBrightSquares
209;anifire.studio.components.SceneTransitionIcon_imgWipe
210;_class_embed_css__styles_images_tray_tab_widget_png_572998701_1235528525
167;anifire.studio.components.TransitionPreview__embed_mxml__styles_images_enterexit_appear_thumb_swf_2030624615
212;anifire.studio.skins.SearchSuggestionInputSkin__embed_mxml__styles_images_tray_magglass_png_474504759
211;anifire.studio.components.ThemeIcon_imgStickyBusiness
213;anifire.studio.skins.FlatRadioButtonVerticalSkin__embed_mxml__styles_images_panel_icon_vertical_png_1972288129
214;anifire.studio.components.FontDropDownList_oswald
167;anifire.studio.components.TransitionPreview__embed_mxml__styles_images_enterexit_pop_rings_thumb_swf_317732889
215;anifire.studio.skins.AddCharacterMovementDropDownOpenButtonSkin__embed_mxml__styles_images_toolbar_ico_walk_off_init_png_1274902465
18;_class_embed_css_Assets_swf_1135953132_cursorStretch_1743950478
216;anifire.studio.skins.AddAssetTransitionButtonSkin__embed_mxml__styles_images_panel_enterexit_add_png_1988917465
219;anifire.studio.skins.SwapAssetDropDownOpenButtonSkin__embed_mxml__styles_images_toolbar_tools_swap_on_png_154503625
218;anifire.studio.components.TransitionItemRenderer__embed_mxml__styles_images_panel_enterexit_alert_png_2031216065
217;anifire.studio.components.PlainSpeechVolumeControl__embed_mxml__styles_images_voicetab_viewpage_volume_png_987788479
220;anifire.studio.components.FontDropDownList_FontImageWalter
221;anifire.studio.skins.FlatRadioButtonHorizontalSkin__embed_mxml__styles_images_common_radio_base_png_1747381759
222;anifire.studio.components.GoToolBar__embed_mxml__styles_images_toolbar_main_copy_disable_png_400373697
223;anifire.studio.components.SceneElement_imgDelete
71;com.jumpeye.flashEff2.text.glow.FETGlow
225;anifire.studio.components.FontDropDownList_blackoutSunrise
224;anifire.studio.skins.TransitionListSkin__embed_mxml__styles_images_panel_dragmotionhere_png_2037241225
131;anifire.effect.BumpyrideEffect__myThumbnailSymbol
167;anifire.studio.components.TransitionPreview__embed_mxml__styles_images_enterexit_pop_dots_thumb_swf_635412545
226;anifire.studio.components.AssetControlBar__embed_mxml__styles_images_toolbar_tools_copy_png_2129813895
227;anifire.studio.components.TransitionPreview__embed_mxml__styles_images_transitions_prev_info_iris_swf_1590424831_dataClass
221;anifire.studio.skins.FlatRadioButtonCWSkin__embed_mxml__styles_images_common_radio_base_png_1747381759
228;anifire.studio.components.TransitionPreview_sourceImage2
231;anifire.studio.components.TutorialLayer__embed_mxml__styles_images_tutorial_tutorial_arrow_png_2013173889
230;anifire.studio.components.CategorizedProductExplorerCategoryRenderer__embed_mxml__styles_images_tray_lock_icon_png_911801481
229;anifire.studio.utils.WidgetIconDirectionIcons_TOP_RIGHT_LEFT
232;anifire.studio.skins.ChartDataGridAddColumnButtonSkin__embed_mxml__styles_images_widget_img_add_row_png_2043515017
233;anifire.studio.components.TutorialLayer__embed_mxml__styles_images_tutorial_final_png_698666121
234;anifire.studio.components.BubbleThumbSparkImage_imgBlackoutSunrise
75;com.jumpeye.flashEff2.text.fe3D.camXYZ.FET3DCamXYZ
235;anifire.studio.components.GoToolBar__embed_mxml__styles_images_toolbar_top_exit_png_966944345
128;anifire.effect.EarthquakeEffect__myThumbnailSymbol
167;anifire.studio.components.TransitionPreview__embed_mxml__styles_images_enterexit_widget_thumb_swf_2115510919
237;_class_embed_css__styles_images_tray_item_play_png_227280343_1331239365
236;anifire.studio.skins.FontWeightToggleButtonSkin__embed_mxml__styles_images_panel_text_style_bold_on_png_1174373193
239;anifire.studio.skins.CategorizedProductExplorerSkin__embed_mxml__styles_images_tray_icon_cat_favorite_png_420067263
238;anifire.studio.components.MicRecordingComponent__embed_mxml__styles_images_voicetab_recording_3_png_1902793985
240;_class_embed_css__styles_images_tray_tab_back_png_896153808_1466669194
243;anifire.studio.components.MultiSelectItemRenderer__embed_mxml__styles_images_common_checkbox_selected_png_622821889
242;anifire.studio.components.SoundContainer_imgVolume
241;anifire.studio.components.FontChooser_imageVertPad
244;anifire.studio.components.SpeechVolumeControl__embed_mxml__styles_images_panel_voice_volume_hover_png_1191174265
245;anifire.studio.components.AssetControlBar__embed_mxml__styles_images_toolbar_tools_delete_png_379498175
246;_class_embed_css__styles_images_tray_tab_video_png_2052987848_1313525654
133;anifire.effect.FireSpringEffect__myThumbnailSymbol
248;anifire.studio.components.FontDropDownList_bodoniXT
247;anifire.studio.components.FileUploadComponent__embed_mxml__styles_images_voicetab_file_back_png_2043513945
212;anifire.studio.skins.SearchTextInputSkin__embed_mxml__styles_images_tray_magglass_png_474504759
249;anifire.studio.skins.SwapAssetDropDownOpenButtonSkin__embed_mxml__styles_images_toolbar_tools_swap_png_87189375
32;com.jumpeye.flashEff2.text.elasticScale.FETElasticScale
108;com.jumpeye.flashEff2.symbol.squareEffect.FESSquareExplode
250;anifire.studio.components.SceneElement_imgResize
251;anifire.studio.components.CameraPanel__embed_mxml__styles_images_panel_arrow_png_1721981121
252;anifire.studio.skins.FlatCheckBoxSkin__embed_mxml__styles_images_common_checkbox_base_png_1989553855
253;anifire.studio.components.FontDropDownList_ostrichSansMedium
254;anifire.studio.components.DialogPanel__embed_mxml__styles_images_voicetab_small_mic_png_2098098623
255;anifire.studio.components.HyperLinkPanel__embed_mxml__styles_images_common_addlink_icon_png_1921952449
256;anifire.studio.components.SceneTransitionIcon_imgFESBadTransmission
77;com.jumpeye.flashEff2.text.scrollSlide.FETScrollSlideBlur
257;anifire.studio.skins.OpacitySliderThumbSkin__embed_mxml__styles_images_panel_opacity_slider_thumb_png_1094986569
167;anifire.studio.components.TransitionPreview__embed_mxml__styles_images_transitions_prev_pan_swf_1902729537
258;anifire.studio.skins.DataGridRowToggleButtonSkin__embed_mxml__styles_images_widget_img_dragging_v_png_1898029081
259;anifire.studio.components.TransitionPreview__embed_mxml__styles_images_enterexit_pop_star_thumb_swf_654286913_dataClass
104;com.jumpeye.flashEff2.text.smartSlide.FETSmartSlide
260;anifire.studio.components.GoToolBar__embed_mxml__styles_images_toolbar_main_copy_enable_png_1168081729
261;anifire.studio.components.SceneTransitionIcon_imgFadeDark
262;anifire.studio.components.BubbleThumbSparkImage_imgSpeech10
117;anifire.effect.HoveringEffect__myThumbnailSymbol
263;anifire.studio.components.WatermarkPreview__embed_mxml__styles_images_watermark_no_watermark_png_117980927
266;anifire.studio.components.BubbleThumbSparkImage_imgExistenceLight
265;anifire.studio.components.BubbleThumbSparkImage_imgSpeech12
264;anifire.studio.skins.WidgetDataGridDeleteButtonSkin__embed_mxml__styles_images_widget_img_del_init_png_1968107673
267;anifire.studio.components.BubbleThumbSparkImage_imgSpeech11
268;anifire.studio.assets.control.AssetResizeToolTip__embed_mxml__styles_images_icons_icon_unlock_png_1732766775
269;anifire.studio.components.SceneTransitionIcon_imgInfoBlinds
270;anifire.studio.components.SceneTransitionIcon_imgPixelDissolve
271;anifire.studio.skins.SkipTutorialButtonSkin__embed_mxml__styles_images_tutorial_stop_btn_png_675474687
102;com.jumpeye.flashEff2.text.chasingWords.FETChasingWords
272;anifire.studio.components.SoundContainer_imgPause
273;anifire.studio.components.LanguageIcon_flag_US
275;anifire.studio.components.StageControlPanel__embed_mxml__styles_images_stage_zoom_expand_hover_png_2011076617
274;anifire.studio.components.SceneTransitionIcon_imgBlinds
277;_class_embed_css_assets_ErrorIndicator_png__1207932008_273805716
276;anifire.studio.utils.WidgetIconDirectionIcons_TOP_LEFT_RIGHT
279;anifire.studio.components.ThemeIcon_imgPolitics
278;anifire.studio.components.StarterDropStageCover__embed_mxml__styles_images_icons_ico_replacetemp_hover_png_633702657
280;anifire.studio.components.FontDropDownList_bangers
230;anifire.studio.components.ProductExplorerCategoryRenderer__embed_mxml__styles_images_tray_lock_icon_png_911801481
281;anifire.studio.components.ThemeIcon_imgBusinessModelLarge
251;anifire.studio.components.TransitionPanel__embed_mxml__styles_images_panel_arrow_png_1721981121
282;anifire.studio.components.ThemeIcon_imgSharedLibrary
20;_class_embed_css_Assets_swf_1135953132_mx_skins_cursor_DragCopy_535650521
283;anifire.studio.components.SoundContainer_imgRemove
284;anifire.studio.skins.AssetSlideToggleButtonSkin__embed_mxml__styles_images_toolbar_tools_slide_on_hover_png_1761774657
285;anifire.studio.components.FontDropDownList_tokyo
167;anifire.studio.components.TransitionPreview__embed_mxml__styles_images_transitions_prev_clean_brush_swf_1228979585
287;anifire.studio.components.GoToolBar__embed_mxml__styles_images_toolbar_main_paste_enable_png_446560129
286;anifire.studio.components.SceneTransitionIcon_imgCleanHand
291;anifire.studio.components.BubbleThumbSparkImage_imgLato
290;anifire.studio.components.GoToolBar__embed_mxml__styles_images_toolbar_main_redo_disable_png_150075329
289;anifire.studio.components.FontDropDownList_prociono
288;anifire.studio.skins.RemoveAssetTransitionButtonSkin__embed_mxml__styles_images_panel_enterexit_delete_hover_png_1229237657
292;anifire.skins.ColorInputPanelSkin__embed_mxml__styles_images_colorpalette_color_input_panel_gradient_png_1209506624
294;anifire.studio.components.BubbleThumbSparkImage_imgWoodStamp
50;com.jumpeye.flashEff2.text.glowingGroup.FETGlowingGroup
293;anifire.studio.components.LanguageIcon_flag_zh
295;anifire.studio.skins.CategoryFavoriteToggleButtonSkin__embed_mxml__styles_images_tray_icon_star_favorited_png_622623617
165;anifire.effect.Firework__effectObject
296;anifire.studio.skins.RemoveBulkAssetTransitionButtonSkin__embed_mxml__styles_images_panel_enterexit_remove_png_1625760065
297;anifire.studio.components.VariationButton__embed_mxml__styles_images_tray_icon_version_over_png_1725422081
298;anifire.studio.components.ThemeIcon_imgBusinessFriendlyLarge
299;_class_embed_css__styles_images_tray_tab_music_png_1110184050_1991832432
301;anifire.studio.components.BubbleThumbSparkImage_imgLeagueSpartan
300;anifire.studio.components.CameraPanel__embed_mxml__styles_images_panel_scenesetting_zoomin_png_469514177
219;anifire.studio.components.AssetControlBar__embed_mxml__styles_images_toolbar_tools_swap_on_png_154503625
302;anifire.studio.components.ImporterButton_processingIcon
304;anifire.studio.components.BubbleThumbSparkImage_imgLocoTV
303;anifire.studio.components.AssetControlBar__embed_mxml__styles_images_toolbar_tools_handle_png_244165311
305;anifire.studio.components.StageControlPanel__embed_mxml__styles_images_stage_zoom_hover_png_540223489
72;com.jumpeye.flashEff2.symbol.intersectingStripes.FESIntersectingStripes
306;anifire.studio.components.FontDropDownList_brawler
307;anifire.studio.components.WatermarkItemRenderer_defaultWaterMarkImage
309;_class_embed_css__styles_images_tray_tab_music_hover_png_929485039_1003041843
308;anifire.studio.components.WatermarkPreview_imgTwoLinesWatermark
310;anifire.studio.components.TransitionPreview__embed_mxml__styles_images_enterexit_pop_single_ring_thumb_swf_949325311_dataClass
263;anifire.studio.components.WatermarkItemRenderer_noWaterMarkImage
313;anifire.studio.components.ThemeIcon_imgCommonCraftLarge
312;_class_embed_css__styles_images_tray_tab_effect_hover_png_1587244919_101398829
311;anifire.studio.assets.control.RotateTopRightIcon
314;anifire.studio.components.SceneTransitionIcon_imgInfoSplit
157;anifire.effect.FireSpring__effectGraphic
315;_class_embed_css__styles_images_tray_item_delete_png_616379086_536331180
316;anifire.studio.components.FontDropDownList_FontImageCaveat
119;anifire.effect.UpsideDownEffect__myThumbnailSymbol
143;anifire.bubble.BoomBubble_boomSymbol
22;anifire.effect.ZoomEffect__myThumbnailSymbol
317;anifire.studio.components.BubbleThumbSparkImage_imgLilitaOne
318;anifire.studio.skins.TextComponentListSkin__embed_mxml__styles_images_tray_icon_text_component_png_620725057
87;com.jumpeye.flashEff2.text.twilight.FETTwilight
319;anifire.studio.utils.DirectionIcons_BOTTOM
321;anifire.studio.components.TimelineToolBar_imgCollapse
320;anifire.studio.components.FontDropDownList_raleway
322;anifire.studio.skins.FontAlignToggleButtonBarFirstButtonSkin__embed_mxml__styles_images_panel_text_alignleft_png_1989555895
323;anifire.studio.components.BubbleThumbSparkImage_imgBudmoJigglish
97;com.jumpeye.flashEff2.symbol.stripes.FESLightStripes
324;anifire.studio.components.ThemeIcon_imgSpaceCitizens
80;com.jumpeye.flashEff2.text.jiggy.FETJiggy
138;com.jumpeye.flashEff2.symbol.mystery.FESMystery_selfDisplace
325;_class_embed_css__styles_images_tray_tab_character_png__1152671114_674500452
326;anifire.studio.components.BubbleThumbSparkImage_imgImpactLabel
327;anifire.studio.components.TimelineToolBar__embed_mxml__styles_images_timeline_timeline_settingicon_png_1783127615
37;com.jumpeye.flashEff2.text.magneticWind.FETMagneticWind
328;anifire.studio.components.TransitionPreview__embed_mxml__styles_images_enterexit_widget_thumb_swf_2115510919_dataClass
329;anifire.studio.components.ThemeIcon_imgTeamLibrary
167;anifire.studio.components.TransitionPreview__embed_mxml__styles_images_enterexit_blur_thumb_swf_110073791
330;anifire.studio.components.WatermarkItemRenderer__embed_mxml__styles_images_watermark_watermark_selected_png_1766553921
331;anifire.studio.components.SceneTransitionIcon_imgWipeHand
334;_class_embed_css__styles_images_tray_tab_prop_hover_png_529559113_1763136735
333;_class_embed_css__styles_images_tray_tab_text_png_2066540054_457627084
332;anifire.studio.components.LanguageIcon_flag_ko
70;com.jumpeye.flashEff2.text.xyResolve.FETXYResolve
335;anifire.studio.skins.SearchButtonSkin__embed_mxml__styles_images_tray_icon_search_hover_png_1982343103
336;anifire.studio.skins.AssetSlideToggleButtonSkin__embed_mxml__styles_images_toolbar_tools_slide_on_png_488116919
337;anifire.studio.components.ColorDisplayGroup__embed_mxml__styles_images_panel_text_nocolor_png_1640861249
338;anifire.skins.EyeDropperButtonSkin__embed_mxml__styles_images_icons_icon_colorpicker_png_2048739724
69;com.jumpeye.flashEff2.text.industrial.FETIndustrial
63;com.jumpeye.flashEff2.symbol.scale.FESScale
339;anifire.studio.components.AssetControlBar__embed_mxml__styles_images_toolbar_tools_delete_hover_png_1455017407
341;anifire.studio.components.TransitionPreview__embed_mxml__styles_images_enterexit_iriscircle_thumb_swf_1588186247_dataClass
340;anifire.studio.components.LanguageIcon_flag_PT
105;com.jumpeye.flashEff2.text.horizontalDisolve.FETHorizontalDisolve
342;anifire.studio.components.TransitionPreview__embed_mxml__styles_images_transitions_prev_pan_swf_1902729537_dataClass
343;anifire.studio.components.ThemeIcon_imgYourLibraryLarge
344;anifire.studio.components.SpeechPitchControl__embed_mxml__styles_images_voicetab_voice_pitch_hover_png_1601817463
346;anifire.studio.components.DialogPanel__embed_mxml__styles_images_voicetab_small_tts_png_1724751513
345;anifire.studio.skins.FlatRadioButtonVerticalSkin__embed_mxml__styles_images_common_radio_selected_png_1898210761
347;anifire.studio.components.ThemeIcon_imgStickFigure
167;anifire.studio.components.TransitionPreview__embed_mxml__styles_images_transitions_prev_clean_hand_swf_80318081
350;anifire.studio.components.BubbleThumbSparkImage_imgBerkshire
349;anifire.studio.components.StarterDropLayer__embed_mxml__styles_images_icons_ico_addtemp_init_png_1660409921
348;anifire.studio.components.TTSComponent__embed_mxml__styles_images_voicetab_robot_icon_png_1968108281
86;com.jumpeye.flashEff2.symbol.zoomBlur.FESZoomBlur
351;anifire.studio.components.TimelineToolBar_imgInfo
353;anifire.studio.components.StageControlPanel__embed_mxml__styles_images_stage_fittoscreen_off_png_248937023
352;anifire.studio.components.AssetControlBar__embed_mxml__styles_images_toolbar_tools_paste_png_1967977209
357;studio__embed__font_StudioSparkMain_bold_normal_100574306
356;anifire.studio.components.VariationButton__embed_mxml__styles_images_tray_icon_version_init_png_1239704201
355;anifire.studio.components.SceneTransitionIcon_imgPhoto
354;anifire.studio.components.LanguageIcon_flag_no
358;anifire.studio.components.BubbleThumbSparkImage_imgAccidental
359;anifire.studio.utils.DirectionIcons_TOP_LEFT
360;anifire.studio.components.ListSeparator__embed_mxml__styles_images_panel_narration_icon_png_378710719
362;anifire.studio.components.BubbleThumbSparkImage_imgBrawler
361;anifire.studio.components.StageControlPanel__embed_mxml__styles_images_stage_zoom_collapse_png_1921954497
363;anifire.studio.components.AssetControlBar__embed_mxml__styles_images_toolbar_tools_sendfront_hover_png_1775771135
364;anifire.studio.components.BubbleThumbSparkImage_imgJunction
48;com.jumpeye.flashEff2.text.fe3D.camDepth.FET3DCamDepth
365;anifire.studio.skins.AddCharacterMovementDropDownOpenButtonSkin__embed_mxml__styles_images_toolbar_ico_walk_off_hover_png_1094087817
366;anifire.studio.skins.SearchButtonSkin__embed_mxml__styles_images_tray_icon_search_init_png_2027268601
368;anifire.studio.components.SceneTransitionIcon_imgFESDisc
367;anifire.studio.components.LanguageIcon_flag_nl
369;anifire.studio.components.SoundContainer_imgDuration
107;com.jumpeye.flashEff2.text.scrollSlide.FETScrollSlide
370;anifire.studio.components.ThemeIcon_imgChibiPeepz
371;anifire.studio.components.BubbleThumbSparkImage_imgBubbleClaireHand
45;com.jumpeye.flashEff2.text.alpha.FETAlpha
372;anifire.studio.components.ThemeIcon_imgChibiNinja
307;anifire.studio.components.WatermarkPreview_imgDefaultWatermark
373;anifire.studio.components.SceneTransitionIcon_imgPan
375;anifire.studio.components.ConfirmPopUp_imgError
374;anifire.studio.components.SoundContainer_imgSplit
3;anifire.studio.components.StudioProgressBar__embed_mxml__styles_images_preloader_loading_fill_png_1641426009
377;anifire.studio.components.GoToolBar__embed_mxml__styles_images_toolbar_main_paste_disable_png_1225358081
376;anifire.studio.components.FontDropDownList_arialImage
247;anifire.studio.components.UserVoiceLibComponent__embed_mxml__styles_images_voicetab_file_back_png_2043513945
378;anifire.studio.components.SceneTransitionIcon_imgFESSparkle_4
380;anifire.studio.components.SoundContainer_imgAttach
379;anifire.studio.components.SceneTransitionIcon_imgFESSparkle_1
2;anifire.studio.components.StudioProgressBar__embed_mxml__styles_images_preloader_loading_track_png_2029973121
381;anifire.studio.utils.WidgetIconDirectionIcons_BOTTOM_RIGHT_LEFT
252;anifire.studio.components.MultiSelectItemRenderer__embed_mxml__styles_images_common_checkbox_base_png_1989553855
382;anifire.effect.AnimeEffect_DEFAULT_THUMBNAIL_dataClass
383;anifire.studio.skins.PlainPlayVoiceToggleButtonSkin__embed_mxml__styles_images_voicetab_viewpage_stop_hover_png_783107687
384;anifire.studio.utils.WhiteboardHandIcons_NOTHING
385;anifire.studio.components.TransitionPreview__embed_mxml__styles_images_enterexit_pop_rings_thumb_swf_317732889_dataClass
386;anifire.studio.components.DialogDetailControlGroup__embed_mxml__styles_images_panel_voice_delete_hover_png_618642177
387;anifire.studio.components.SceneElement_imgSceneSetting
388;anifire.studio.components.MicRecordingComponent__embed_mxml__styles_images_voicetab_recording_2_png_1902760961
330;anifire.studio.components.WhiteboardHandRenderer__embed_mxml__styles_images_hands_hand_selected_png_183595839
389;anifire.studio.components.ThemeIcon_imgComedyWorld
390;anifire.studio.components.ThemeIcon_imgWhiteHouserz
393;anifire.studio.components.BubbleThumbSparkImage_imgComicBook
392;anifire.studio.skins.CategoryFavoriteToggleButtonSkin__embed_mxml__styles_images_tray_icon_star_init_png_1968081601
391;anifire.studio.components.TransitionPreview__embed_mxml__styles_images_transitions_transition_b_png_100622401
394;anifire.studio.components.BubbleThumbSparkImage_imgCreepster
340;anifire.studio.components.LanguageIcon_flag_pt
395;anifire.studio.components.BubbleThumbSparkImage_imgHeartlandRegular
396;anifire.studio.components.SceneTransitionIcon_imgIris
398;anifire.studio.components.FontDropDownList_impactl
397;anifire.studio.components.LanguageIcon_flag_MX
399;anifire.studio.components.BubbleThumbSparkImage_imgTelexRegular
401;anifire.studio.skins.AssetSlideToggleButtonSkin__embed_mxml__styles_images_toolbar_tools_slide_hover_png_674154751
400;anifire.studio.skins.PlainPlayVoiceToggleButtonSkin__embed_mxml__styles_images_voicetab_viewpage_play_png_1642351745
402;anifire.studio.components.LanguageIcon_flag_pl
403;anifire.studio.components.AssetControlBar__embed_mxml__styles_images_toolbar_tools_clear_png_175276855
404;anifire.studio.skins.WidgetDataGridSkin__embed_mxml__styles_images_widget_img_swaprange_hover_png_2127154047
405;anifire.studio.components.SoundContainer_imgPlay
406;anifire.studio.components.FontDropDownList_lilita_one
408;anifire.studio.skins.FlowFrameAddImageButtonSkin__embed_mxml__styles_images_stage_button_flow_frame_add_image_png_151631103
407;anifire.studio.components.SceneTransitionIcon_imgFESLightStripes
100;com.jumpeye.flashEff2.text.neonTubes.FETNeonTubes
133;anifire.effect.FireworkEffect__myThumbnailSymbol
120;anifire.effect.SepiaEffect__myThumbnailSymbol
99;com.jumpeye.flashEff2.text.emerge.FETEmerge
79;com.jumpeye.flashEff2.symbol.unpack.FESUnpack
410;_class_embed_css__styles_images_tray_tab_character_hover_png_1051316211_119032079
409;anifire.studio.components.SceneElement_imgInsertAfter
94;com.jumpeye.flashEff2.text.glowAndBurn.FETGlowAndBurn
411;anifire.studio.skins.PlayFadingToggleButtonSkin__embed_mxml__styles_images_fading_play_png_165402329
412;_class_embed_css__styles_images_tray_tab_video_hover_png__1409514555_1743003795
106;com.jumpeye.flashEff2.symbol.badTransmission.FESBadTransmission
414;anifire.studio.components.BubbleThumbSparkImage_imgLeagueGothic
413;anifire.studio.components.VariationButton__embed_mxml__styles_images_tray_icon_version_disabled_png_2004487551
417;anifire.studio.components.BubbleThumbSparkImage_imgSpeech1
416;_class_embed_css__styles_images_tray_tab_prop_png_2076522828_436954834
415;anifire.studio.utils.WidgetIconDirectionIcons_BOTTOM_LEFT_UP
419;anifire.studio.components.AssetControlBar__embed_mxml__styles_images_toolbar_tools_copy_hover_png_618627137
418;anifire.studio.components.ConfirmPopUp_imgConfirm
288;anifire.studio.components.PlainDialogDetailControlGroup__embed_mxml__styles_images_voicetab_viewpage_delete_hover_png_1355972279
420;anifire.studio.skins.PlainPlayVoiceToggleButtonSkin__embed_mxml__styles_images_voicetab_viewpage_play_hover_png_1368043777
16;_class_embed_css_Assets_swf_1135953132_mx_skins_cursor_DragReject_951602013
421;anifire.studio.components.TransitionItemRenderer__embed_mxml__styles_images_panel_enterexit_duration_png_654279489
85;com.jumpeye.flashEff2.text.lineBurnAndFlow.FETLineBurnAndFlow
422;anifire.studio.components.SceneElement_imgCopy
423;anifire.studio.components.DialogPanel__embed_mxml__styles_images_voicetab_arrow_png_672693593
425;anifire.studio.skins.PlayFadingToggleButtonSkin__embed_mxml__styles_images_fading_pause_png_1734118847
424;anifire.studio.components.LanguageIcon_flag_ru
426;anifire.studio.components.BubbleThumbSparkImage_imgBlambotCasual
428;anifire.studio.components.BubbleThumbSparkImage_imgOswald
427;anifire.studio.components.DialogPanel__embed_mxml__styles_images_voicetab_small_icon_no_voice_png_1351155081
430;anifire.studio.components.ThemeIcon_imgAnime
429;anifire.studio.components.FontDropDownList_FontImageNoto
431;anifire.studio.components.LanguageIcon_flag_ro
51;com.jumpeye.flashEff2.text.flip.FETFlip
432;anifire.studio.assets.control.ResizableCameraControl_iconMovePurple_dataClass
433;anifire.studio.skins.NumberFormatDropDownListSkin__embed_mxml__styles_images_panel_img_format_init_png_241851967
101;com.jumpeye.flashEff2.text.scrollSlide.FETScrollSlideGlow
434;anifire.studio.skins.ClearSearchButtonSkin__embed_mxml__styles_images_tray_icon_reset_hover_png_1898554817
435;anifire.studio.components.ThemeIcon_imgSharedLibraryLarge
437;anifire.studio.components.SceneTransitionIcon_imgFESUnpack_2
436;anifire.studio.assets.control.RotateTopRightOverIcon
438;anifire.studio.components.SceneTransitionIcon_imgFESUnpack_1
439;anifire.studio.components.BubbleThumbSparkImage_imgSpeech8
345;anifire.studio.skins.FlatRadioButtonSkin__embed_mxml__styles_images_common_radio_selected_png_1898210761
440;anifire.studio.components.BubbleThumbSparkImage_imgSpeech9
441;anifire.studio.components.BubbleThumbSparkImage_imgSpeech6
345;anifire.studio.skins.FlatRadioButtonHorizontalSkin__embed_mxml__styles_images_common_radio_selected_png_1898210761
442;anifire.studio.components.BubbleThumbSparkImage_imgSpeech7
443;anifire.studio.components.BubbleThumbSparkImage_imgSpeech4
446;anifire.studio.components.BubbleThumbSparkImage_imgOstrichSansMedium
445;anifire.studio.components.BubbleThumbSparkImage_imgSpeech5
444;anifire.studio.components.CalendarDataPanel__embed_mxml__styles_images_icons_icon_trash_png_1084368649
449;anifire.studio.components.BubbleThumbSparkImage_imgSpeech2
448;anifire.studio.skins.CharacterMovementTipButtonSkin__embed_mxml__styles_images_toolbar_ico_info_png_1319306873
447;anifire.studio.components.SceneTransitionIcon_imgFESUnpack_8
450;anifire.studio.components.BubbleThumbSparkImage_imgSpeech3
345;anifire.studio.skins.FlatRadioButtonCCWSkin__embed_mxml__styles_images_common_radio_selected_png_1898210761
444;anifire.studio.components.WidgetTitleTextInput__embed_mxml__styles_images_icons_icon_trash_png_1084368649
451;_class_embed_css__styles_images_tray_tab_widget_hover_png_1897729130_59072512
454;anifire.studio.components.ThemeIcon_imgSkoletube
453;anifire.studio.utils.DirectionIcons_RIGHT
452;anifire.studio.utils.WidgetIconDirectionIcons_TOP_RIGHT_BOTTOM
455;anifire.studio.components.LanguageIcon_flag_ja
456;anifire.studio.components.SceneElement_imgClear
33;com.jumpeye.flashEff2.symbol.sparkle.FESSparkle
457;anifire.studio.components.FileUploadComponent__embed_mxml__styles_images_voicetab_fileicon_png_1841491071
458;anifire.studio.components.ThemeIcon_imgJungleWar
459;anifire.studio.components.LanguageIcon_flag_GR
66;com.jumpeye.flashEff2.text.xyscale.FETXYScale
460;anifire.studio.skins.PlayVoiceToggleButtonSkin__embed_mxml__styles_images_panel_voice_playbutton_png_1042866151
461;anifire.studio.components.FontDropDownList_glegoo
462;anifire.studio.components.BubbleThumbSparkImage_imgTokyo
44;com.jumpeye.flashEff2.text.centerScaleDissolve.FETCenterScaleDissolve
463;anifire.studio.components.LanguageIcon_flag_it
464;anifire.studio.components.ThemeIcon_imgNinjaAnime
217;anifire.studio.skins.SoundToggleButtonSkin__embed_mxml__styles_images_panel_enterexit_sound_on_png_1174373185
465;anifire.studio.skins.SoundToggleButtonSkin__embed_mxml__styles_images_panel_enter_exit_sound_mute_png_646553281
126;anifire.effect.FadingEffect__myThumbnailSymbol_out
466;anifire.studio.components.StageControlPanel__embed_mxml__styles_images_stage_fittoscreen_hover_png_2014408329
103;com.jumpeye.flashEff2.text.verticalDisolve.FETVerticalDisolve
467;_class_embed_css__styles_images_tray_tab_back_hover_png__1443841331_575145901
468;anifire.studio.components.AssetControlBar__embed_mxml__styles_images_toolbar_tools_paste_hover_png_753797183
469;anifire.skins.EyeDropperButtonSkin__embed_mxml__styles_images_icons_icon_colorpicker_active_png_574257180
470;anifire.studio.components.AssetControlBar__embed_mxml__styles_images_toolbar_tools_preview_png_1898309057
472;anifire.studio.components.CameraPanel__embed_mxml__styles_images_panel_composition_splash_png_631142921
471;anifire.studio.components.TransitionPanel__embed_mxml__styles_images_panel_enterexit_splash_png_1641300097
473;anifire.studio.skins.FontAlignToggleButtonBarMiddleButtonSkin__embed_mxml__styles_images_panel_text_aligncenter_on_png_468793241
474;anifire.studio.components.BubbleThumbSparkImage_imgWalter
475;anifire.studio.components.FontDropDownList_imageImport
345;anifire.studio.skins.FlatRadioButtonCWSkin__embed_mxml__styles_images_common_radio_selected_png_1898210761
34;com.jumpeye.flashEff2.text.fe3D.camXYZPivot.FET3DCamXYZPivot
476;studio__embed__font_StudioSparkMain_medium_italic_579346800
477;studio__embed__font_StudioSparkMain_medium_normal_1681386156
478;anifire.studio.components.SoundContainer_imgCopy
479;anifire.studio.components.BubbleThumbSparkImage_imgArial
480;anifire.studio.components.PlainSpeechVolumeControl__embed_mxml__styles_images_voicetab_viewpage_volume_hover_png_810972855
481;anifire.studio.components.ThemeIcon_imgBusinessFriendly
39;com.jumpeye.flashEff2.symbol.mystery.FESMystery
482;anifire.studio.components.UpgradeIcon__embed_mxml__styles_images_tray_icon_rocket_premium_png_98542401
483;anifire.studio.components.LanguageIcon_flag_gl
484;anifire.studio.components.ThemeIcon_imgBusinessModel
54;com.jumpeye.flashEff2.text.bubbles.FETBubbles
56;com.jumpeye.flashEff2.text.lineBent.FETLineBent
486;anifire.studio.components.FontDropDownList_ihate
167;anifire.studio.components.TransitionPreview__embed_mxml__styles_images_enterexit_pop_single_ring_thumb_swf_949325311
485;anifire.studio.skins.OpacitySliderTrackSkin__embed_mxml__styles_images_panel_opacity_slider_track_png_1723780231
250;anifire.studio.components.SoundContainer_imgResize
487;anifire.studio.components.BubbleThumbSparkImage_imgBubbleComingSoon
488;anifire.studio.components.LanguageIcon_flag_IN
52;com.jumpeye.flashEff2.text.bubbleScale.FETBubbleScale
167;anifire.studio.components.TransitionPreview__embed_mxml__styles_images_enterexit_slide_thumb_swf_241072703
489;anifire.studio.utils.WhiteboardHandIcons_DEFAULT_HAND
490;anifire.studio.components.PlainDialogDetailControlGroup__embed_mxml__styles_images_voicetab_viewpage_delete_png_614427457
492;_class_embed_css__styles_images_tray_item_info_hover_png__91279474_1718826900
167;anifire.studio.components.TransitionPreview__embed_mxml__styles_images_enterexit_hand_slide_thumb_swf_2118776319
491;anifire.studio.skins.FlatRadioButtonHorizontalSkin__embed_mxml__styles_images_panel_icon_horizontal_png_103439359
493;anifire.studio.utils.DirectionIcons_TOP
369;anifire.studio.components.SceneElement_imgDuration
480;anifire.studio.skins.SoundToggleButtonSkin__embed_mxml__styles_images_panel_enterexit_sound_on_hover_png_1154637759
65;com.jumpeye.flashEff2.text.blur.FETBlurryLight
221;anifire.studio.skins.FlatRadioButtonCCWSkin__embed_mxml__styles_images_common_radio_base_png_1747381759
494;anifire.studio.components.AssetControlBar__embed_mxml__styles_images_toolbar_tools_handle_hover_png_2125909415
495;anifire.studio.components.ThemeIcon_imgHoliday
496;anifire.studio.components.SwapPropRenderer__embed_mxml__styles_images_tray_button_flow_frame_remove_image_png_1890237759
497;anifire.studio.components.UserVoiceLibComponent__embed_mxml__styles_images_voicetab_yourlibrary_png_1768706457
498;anifire.studio.components.AssetControlBar__embed_mxml__styles_images_toolbar_tools_preview_hover_png_176525017
167;anifire.studio.components.SceneElement__embed_mxml__styles_images_timeline_loading_swf_970254217
257;anifire.skins.ColorInputPanelHueSliderThumbSkin__embed_mxml__styles_images_colorpalette_slider_control_png_381158866
499;anifire.studio.skins.BackButtonSkin__embed_mxml__styles_images_tray_icon_back_init_png_179733255
500;anifire.studio.components.DialogPanel__embed_mxml__styles_images_voicetab_voicebunny_png_179536703
501;anifire.studio.components.FontDropDownList_junction
502;anifire.studio.components.TransitionPreview_sourceImage
503;anifire.studio.components.TransitionPreview__embed_mxml__styles_images_transitions_prev_info_blinds_swf_1364392313_dataClass
504;anifire.studio.components.FontDropDownList_woodstamp
459;anifire.studio.components.LanguageIcon_flag_el
505;anifire.studio.components.LanguageIcon_flag_eo
507;anifire.studio.components.MainStage__embed_mxml__styles_images_common_autosaveicon_png_179375423
506;anifire.studio.components.LanguageIcon_flag_en
509;anifire.studio.skins.NumberFormatDropDownListSkin__embed_mxml__styles_images_panel_img_format_hover_png_101307839
508;anifire.studio.components.LanguageIcon_flag_es
510;anifire.studio.utils.WhiteboardHandIcons_HAND_10
512;anifire.studio.components.AssetControlBar__embed_mxml__styles_images_toolbar_tools_clear_hover_png_333215689
511;anifire.studio.skins.FontAlignToggleButtonBarFirstButtonSkin__embed_mxml__styles_images_panel_text_alignleft_on_png_2015271937
496;anifire.studio.components.FlowFrameImageDisplay__embed_mxml__styles_images_tray_button_flow_frame_remove_image_png_1890237759
112;FlashEff2Flex
513;anifire.studio.components.LanguageIcon_flag_CL
515;anifire.studio.components.ThemeIcon_imgWhiteboard
514;anifire.studio.components.ImporterButton_normalIcon
516;anifire.studio.components.BubbleThumbSparkImage_imgBudmoJiggler
517;anifire.studio.utils.WidgetIconDirectionIcons_BOTTOM_RIGHT_UP
518;anifire.studio.components.TransitionPreview__embed_mxml__styles_images_enterexit_pop_dots_thumb_swf_635412545_dataClass
62;com.jumpeye.flashEff2.text.industrial.FETIndustrial2
521;anifire.studio.components.BubbleThumbSparkImage_imgGlegoo
520;anifire.studio.skins.CategorizedProductExplorerSkin__embed_mxml__styles_images_tray_icon_cat_png_1673002433
519;anifire.studio.utils.WhiteboardHandIcons_HAND_06
522;anifire.studio.utils.WhiteboardHandIcons_HAND_07
147;anifire.bubble.CloudBubble_cloudTailSymbol
524;anifire.studio.components.FileUploadComponent__embed_mxml__styles_images_voicetab_uploadfile_png_175199743
523;anifire.studio.utils.WhiteboardHandIcons_HAND_08
525;anifire.studio.utils.WhiteboardHandIcons_HAND_09
527;anifire.studio.utils.WidgetIconDirectionIcons_TOP_LEFT_BOTTOM
526;anifire.studio.utils.WhiteboardHandIcons_HAND_02
529;anifire.studio.components.LanguageIcon_flag_DE
528;anifire.studio.utils.WhiteboardHandIcons_HAND_03
188;anifire.studio.components.SwapPropRenderer__embed_mxml__styles_images_tray_add_cc_png_962341247
531;anifire.studio.components.LanguageIcon_flag_fr
530;anifire.studio.utils.WhiteboardHandIcons_HAND_04
534;anifire.studio.components.GoToolBar__embed_mxml__styles_images_toolbar_main_redo_enable_png_1172302593
533;anifire.studio.components.FontDropDownList_budmo
532;anifire.studio.utils.WhiteboardHandIcons_HAND_05
536;anifire.studio.utils.WidgetIconDirectionIcons_BOTTOM_LEFT_RIGHT
535;anifire.studio.skins.FontAlignToggleButtonBarMiddleButtonSkin__embed_mxml__styles_images_panel_text_aligncenter_png_487569151
537;anifire.studio.components.LanguageIcon_flag_fi
538;anifire.studio.components.LanguageIcon_flag_da
540;anifire.studio.components.BubbleThumbSparkImage_imgShanghai
539;anifire.studio.components.AssetControlBar__embed_mxml__styles_images_toolbar_tools_sendback_png_1105677641
541;anifire.studio.skins.PlainPlayVoiceToggleButtonSkin__embed_mxml__styles_images_voicetab_viewpage_stop_png_1089984513
49;com.jumpeye.flashEff2.symbol.desertIllusion.FESDesertIllusion
542;anifire.studio.skins.WidgetDataGridDeleteButtonSkin__embed_mxml__styles_images_widget_img_del_hover_png_1231934977
221;anifire.studio.skins.FlatRadioButtonVerticalSkin__embed_mxml__styles_images_common_radio_base_png_1747381759
544;anifire.studio.skins.LookAtCameraToggleButtonSkin__embed_mxml__styles_images_tray_sideway_icon_png_634197055
167;anifire.studio.components.TransitionPreview__embed_mxml__styles_images_transitions_prev_info_split_swf_650747641
543;anifire.skins.ColorInputPanelHueSliderTrackSkin__embed_mxml__styles_images_colorpalette_hue_slider_bg_png_2086678210
546;anifire.studio.components.UpgradeIcon__embed_mxml__styles_images_tray_icon_rocket_png_975857409
545;anifire.studio.skins.DataGridHeaderToggleButtonSkin__embed_mxml__styles_images_widget_img_drag_h_png_1457001417
547;anifire.studio.components.TransitionPreview__embed_mxml__styles_images_enterexit_blur_thumb_swf_110073791_dataClass
548;anifire.studio.utils.DirectionIcons_LEFT
549;anifire.studio.skins.AddSceneButtonSkin__embed_mxml__styles_images_timeline_timeline_add_png_156900351
550;anifire.studio.components.AssetControlBar__embed_mxml__styles_images_toolbar_tools_flip_png_116548535
551;anifire.studio.components.SceneElement__embed_mxml__styles_images_timeline_loading_swf_970254217_dataClass
552;_class_embed_css__styles_images_tray_item_stop_hover_png_1047443938_852615488
167;anifire.studio.components.TransitionPreview__embed_mxml__styles_images_transitions_prev_wipe_hand_swf_1567282359
508;anifire.studio.components.LanguageIcon_flag_ES
198;anifire.cc.view.CcComponent_GoColorMapShaderClass
553;anifire.studio.components.BubbleThumbSparkImage_imgProciono
554;anifire.studio.skins.RemoveCharacterMovementDropDownOpenButtonSkin__embed_mxml__styles_images_toolbar_ico_walk_on_hover_png_872794167
124;anifire.effect.FadingEffect__myThumbnailSymbol_in
249;anifire.studio.components.AssetControlBar__embed_mxml__styles_images_toolbar_tools_swap_png_87189375
556;anifire.studio.skins.LookAtCameraToggleButtonSkin__embed_mxml__styles_images_tray_facecamera_icon_png_1903023641
555;anifire.studio.components.LanguageIcon_flag_GB
557;anifire.studio.components.TransitionPreview__embed_mxml__styles_images_transitions_prev_wipe_hand_swf_1567282359_dataClass
559;_class_embed_css__styles_images_tray_item_delete_hover_png__1076642229_1418269977
558;anifire.studio.components.SceneTransitionIcon_imgInfoIris
560;anifire.studio.components.SceneTransitionIcon_imgFade
561;anifire.studio.components.FontDropDownList_accidental_presidency
529;anifire.studio.components.LanguageIcon_flag_de
177;anifire.studio.components.SceneTransitionOptionPanel__embed_mxml__styles_images_panel_fx_delete_png_1980079335
531;anifire.studio.components.LanguageIcon_flag_FR
167;anifire.effect.ZoomEffect_iconBlue
563;anifire.studio.skins.OptionDropDownListSkin__embed_mxml__styles_images_panel_scenesetting_gear_png_67195135
562;anifire.studio.utils.DirectionIcons_ALL
53;com.jumpeye.flashEff2.text.lightBeam.FETLightBeam
564;anifire.studio.skins.PlayVoiceToggleButtonSkin__embed_mxml__styles_images_panel_voice_playbutton_hover_png_286555137
565;anifire.studio.components.MicRecordingComponent__embed_mxml__styles_images_voicetab_recording_1_png_1903023369
566;anifire.studio.components.TimelineToolBar__embed_mxml__styles_images_timeline_timeline_speech_png_1159692353
567;anifire.studio.components.CharacterThumbRenderer__embed_mxml__styles_images_tray_cc_copy_hover_png_2026741569
1;anifire.studio.components.StudioLoadingScreen__embed_mxml__styles_images_preloader_loading_logo_png_1794595849
568;anifire.studio.components.FontDropDownList_comicbook
569;anifire.studio.components.ConfirmPopUp_imgAlert
570;anifire.studio.assets.control.AssetResizeToolTip__embed_mxml__styles_images_icons_icon_lock_png_638469383
572;anifire.studio.components.ThemeIcon_imgCommunityLarge
571;anifire.studio.components.FontDropDownList_leagueSpartan
573;anifire.studio.components.SceneTransitionIcon_imgFly
574;anifire.studio.components.ThemeIcon_imgTeamLibraryLarge
576;anifire.studio.components.ThemeIcon_imgMore
575;anifire.studio.components.SceneTransitionIcon_imgZoom
577;anifire.studio.components.TimelineToolBar__embed_mxml__styles_images_timeline_timeline_music_png_1980800649
578;anifire.studio.components.SceneElement__embed_mxml__styles_images_timeline_timeline_chapter_break_png_2020576519
579;anifire.studio.components.BubbleThumbSparkImage_imgRaleway
581;_class_embed_css__styles_images_tray_tab_text_hover_png_590470035_1561363257
580;anifire.studio.assets.control.ResizableCameraControl_iconMoveBlue_dataClass
582;anifire.studio.components.AssetControlBar__embed_mxml__styles_images_toolbar_tools_sendback_hover_png_155513417
230;anifire.studio.components.CharacterThumbRenderer__embed_mxml__styles_images_tray_lock_icon_png_911801481
583;anifire.studio.components.SceneTransitionIcon_imgFESBrightSquares_13
584;anifire.studio.components.SceneTransitionIcon_imgFESBrightSquares_11
586;anifire.studio.components.ThemeIcon_imgSkoletubeLarge
585;anifire.studio.skins.MicRecordButtonSkin__embed_mxml__styles_images_panel_voice_record_png_1082760769
587;anifire.studio.components.GoToolBar__embed_mxml__styles_images_stage_preview_icon_png_909271423
140;com.jumpeye.flashEff2.symbol.zoomBlur.FESZoomBlur_zoomBlur
89;boundingBox_mcPattern
589;_class_embed_css__styles_images_tray_item_stop_png_63335333_956555123
588;anifire.studio.assets.control.ResizeTopRightOverIcon
115;anifire.effect.GrayScaleEffect__myThumbnailSymbol
139;com.jumpeye.flashEff2.text.lightBeam.FETLightBeam_lightBeam
167;anifire.studio.components.TransitionPreview__embed_mxml__styles_images_enterexit_pop_star_thumb_swf_654286913
167;anifire.studio.components.TransitionPreview__embed_mxml__styles_images_transitions_prev_info_iris_swf_1590424831
590;_class_embed_css_assets_RequiredIndicator_png__1461639755_1137332995
2;anifire.studio.components.StudioLoadingScreen__embed_mxml__styles_images_preloader_loading_track_png_2029973121
392;anifire.studio.components.CategoryToolTip_StarImageClass
591;anifire.studio.components.ThemeIcon_imgInfographicsLarge
592;anifire.studio.components.LanguageIcon_flag_ca
594;anifire.studio.components.BubbleThumbSparkImage_imgPoiretOne
593;anifire.studio.skins.ClearSearchButtonSkin__embed_mxml__styles_images_tray_icon_reset_init_png_2037536121
74;com.jumpeye.flashEff2.text.verticalStripes.FETVerticalStripes
595;anifire.studio.components.SceneElement_imgPreview
596;anifire.studio.components.TimelineToolBar__embed_mxml__styles_images_timeline_timeline_movie_png_134172991
597;anifire.studio.components.TimelineToolBar_imgWaveform
598;anifire.studio.components.FontDropDownList_budmoj
599;anifire.studio.components.DialogPanel__embed_mxml__styles_images_voicetab_small_uploadfile_png_284981121
600;anifire.studio.components.BubbleThumbSparkImage_imgClaireHand
601;anifire.studio.components.SpeechVolumeControl__embed_mxml__styles_images_panel_voice_volume_png_1640603265
602;anifire.studio.components.BubbleThumbSparkImage_imgBubbleBlambotCasual
198;anifire.component.CustomActionMaker_GoColorMapShaderClass
603;anifire.studio.components.BubbleThumbSparkImage_imgBlackoutMidnight
604;anifire.studio.components.BubbleThumbSparkImage_imgMailRayStuff
605;anifire.studio.skins.PlayFadingToggleButtonSkin__embed_mxml__styles_images_fading_pause_hover_png_527589543
457;anifire.studio.components.UserVoiceLibComponent__embed_mxml__styles_images_voicetab_fileicon_png_1841491071
154;anifire.studio.assets.control.ResizableCameraControl_controlSymbolPurple
607;anifire.studio.components.BubbleThumbSparkImage_imgHoney
3;anifire.studio.components.StudioLoadingScreen__embed_mxml__styles_images_preloader_loading_fill_png_1641426009
606;anifire.studio.components.LanguageIcon_flag_AR
24;anifire.effect.ZoomEffect__myThumbnailSymbol_pan
608;anifire.studio.skins.PlayFadingToggleButtonSkin__embed_mxml__styles_images_fading_play_hover_png_742779967
610;anifire.studio.components.ThemeIcon_imgCartoonClassics
609;anifire.studio.components.LanguageIcon_flag_AU
612;anifire.studio.components.SoundContainer_imgDettach
611;anifire.effect.ZoomEffect_iconPurple_dataClass
167;anifire.studio.assets.control.ResizableCameraControl_iconMovePurple
613;anifire.studio.components.ThemeIcon_imgWhiteboardLarge
490;anifire.studio.skins.RemoveAssetTransitionButtonSkin__embed_mxml__styles_images_panel_enterexit_delete_png_1041866215
38;com.jumpeye.flashEff2.symbol.disc.FESDisc
614;anifire.studio.components.TutorialLayer__embed_mxml__styles_images_tutorial_hero_png_1252293081
615;anifire.studio.components.SceneTransitionIcon_imgFESScale
618;anifire.studio.components.FontDropDownList_blackoutMignight
617;anifire.studio.components.FontDropDownList_clairehand
616;anifire.studio.components.TransitionPreview__embed_mxml__styles_images_enterexit_hand_slide_thumb_swf_2118776319_dataClass
619;anifire.studio.components.BubbleThumbSparkImage_imgComingSoon
620;anifire.studio.components.SpeechPitchControl__embed_mxml__styles_images_voicetab_voice_pitch_png_1902794249
621;anifire.studio.skins.DataGridHeaderToggleButtonSkin__embed_mxml__styles_images_widget_img_dragging_h_png_1890158081
624;anifire.studio.components.ThemeIcon_imgInfographics
623;anifire.studio.components.ThemeIcon_imgStickyBusinessLarge
622;anifire.studio.components.CameraPanel__embed_mxml__styles_images_panel_scenesetting_trash_png_100645697
83;com.jumpeye.flashEff2.text.scramble.FETScramble
625;anifire.studio.skins.HelpButtonSkin__embed_mxml__styles_images_icons_icon_help_png_1728972599
626;anifire.studio.components.LanguageIcon_flag_CA
627;anifire.studio.components.LanguageIcon_flag_BR
26;anifire.effect.ZoomEffect__myThumbnailSymbol_cut
628;anifire.studio.components.SceneElement_imgInsertBefore
629;anifire.studio.components.TransitionPreview__embed_mxml__styles_images_transitions_prev_info_split_swf_650747641_dataClass
55;com.jumpeye.flashEff2.text.wigiligi.FETWigiligi
630;anifire.studio.components.GoToolBar__embed_mxml__styles_images_toolbar_main_undo_enable_png_1117750393
631;anifire.studio.components.DialogDetailControlGroup__embed_mxml__styles_images_panel_voice_delete_png_1043698047
632;anifire.studio.components.ThemeIcon_imgInThisVideoLarge
109;com.jumpeye.flashEff2.text.spinningGenie.FETSpinningGenie
243;anifire.studio.skins.FlatCheckBoxSkin__embed_mxml__styles_images_common_checkbox_selected_png_622821889
92;com.jumpeye.flashEff2.text.xyscaleBlur.FETXYScaleBlur
633;anifire.studio.components.DialogPanel__embed_mxml__styles_images_voicetab_buyvo_png_817032769
634;anifire.studio.components.SceneTransitionIcon_imgFESIntersectingStripes_1
90;com.jumpeye.flashEff2.text.fe3D.motion.FET3DMotion
167;anifire.studio.assets.control.ResizableCameraControl_iconMoveBlue
635;anifire.studio.components.SceneTransitionIcon_imgFESIntersectingStripes_4
636;anifire.studio.utils.DirectionIcons_BOTTOM_LEFT
637;anifire.studio.components.StageControlPanel__embed_mxml__styles_images_stage_zoom_expand_on_png_110013119
638;anifire.studio.components.BubbleThumbSparkImage_imgCaveat
639;anifire.studio.skins.BackButtonSkin__embed_mxml__styles_images_tray_icon_back_hover_png_1989520063
640;anifire.studio.skins.WhiteboardHandButtonSkin__embed_mxml__styles_images_panel_icon_whiteboardhand_png_467826625
167;anifire.studio.components.TransitionPreview__embed_mxml__styles_images_enterexit_whiteboard_thumb_swf_2122220791
641;anifire.studio.components.TransitionPreview__embed_mxml__styles_images_enterexit_appear_thumb_swf_2030624615_dataClass
642;anifire.studio.skins.FlatRadioButtonCWSkin__embed_mxml__styles_images_panel_icon_clockwise_png_1768019529
643;anifire.studio.components.ThemeIcon_imgMonster
645;anifire.studio.components.MicRecordingComponent__embed_mxml__styles_images_panel_recordingbar_png_2022547321
644;anifire.studio.skins.FontAlignToggleButtonBarLastButtonSkin__embed_mxml__styles_images_panel_text_alignright_png_1763017153
221;anifire.studio.skins.FlatRadioButtonSkin__embed_mxml__styles_images_common_radio_base_png_1747381759
76;com.jumpeye.flashEff2.text.slideBounce.FETSlideBounce
646;anifire.studio.components.TransitionPreview__embed_mxml__styles_images_transitions_prev_clean_brush_swf_1228979585_dataClass
647;anifire.studio.components.ThemeIcon_imgLilPeepz
13;_class_embed_css_Assets_swf_1135953132_mx_skins_cursor_DragMove_535938101
648;anifire.studio.components.FontDropDownList_poiretone
64;com.jumpeye.flashEff2.text.chaotic.FETChaotic
649;anifire.studio.components.FontChooser_imageHoriPad
651;anifire.studio.skins.CategoryFavoriteToggleButtonSkin__embed_mxml__styles_images_tray_icon_star_hover_png_1902728601
650;anifire.studio.components.TransitionPreview__embed_mxml__styles_images_enterexit_whiteboard_thumb_swf_2122220791_dataClass
652;anifire.studio.components.ColorPickerSwatchRenderer__embed_mxml__styles_images_icons_icon_add_png_848902145
654;anifire.studio.components.BubbleThumbSparkImage_imgNoto
653;anifire.studio.skins.MicRecordButtonSkin__embed_mxml__styles_images_panel_voice_record_hover_png_1155513161
73;com.jumpeye.flashEff2.text.fallAndGlow.FETFallAndGlow
655;anifire.studio.components.GoToolBar__embed_mxml__styles_images_toolbar_top_settings_png_1903023681
311;anifire.studio.assets.control.RotateTopRightGuideIcon
47;com.jumpeye.flashEff2.text.fe3D.camFocus.FET3DCamFocus
167;anifire.effect.AnimeEffect_DEFAULT_THUMBNAIL
656;anifire.studio.skins.FontAlignToggleButtonBarLastButtonSkin__embed_mxml__styles_images_panel_text_alignright_on_png_652190593
91;com.jumpeye.flashEff2.text.slice.FETSlice
657;anifire.studio.components.StageControlPanel__embed_mxml__styles_images_stage_fittoscreen_on_png_1989028343
658;anifire.studio.skins.CloseButtonSkin__embed_mxml__styles_images_timeline_timeline_tooltip_close_png_1688046887
659;anifire.studio.components.FolderThumbRenderer__embed_mxml__styles_images_tray_icon_folder_png_950756929
257;anifire.skins.ColorInputPanelSkin__embed_mxml__styles_images_colorpalette_slider_control_png_381158866
660;anifire.studio.skins.SoundToggleButtonSkin__embed_mxml__styles_images_panel_enter_exit_mute_hover_png_617975433
662;_class_embed_css__styles_images_tray_item_info_png__1473539503_1598001841
661;anifire.studio.components.SceneTransitionIcon_imgFESDesertIllusion
569;anifire.studio.components.MicRecordingComponent__embed_mxml__styles_images_icons_message_alert_png_183717631
664;anifire.studio.components.ThemeIcon_imgSearch
141;com.jumpeye.flashEff2.text.twilight.FETTwilight_lightBeam
663;anifire.studio.components.PlainDialogDetailControlGroup__embed_mxml__styles_images_voicetab_viewpage_edit_hover_png_142782857
665;anifire.studio.components.PropertyThumbnail__embed_mxml__styles_images_panel_thumb_multiSelect_png_134697215
667;anifire.studio.components.BubbleThumbSparkImage_imgBodoniXT
666;anifire.studio.skins.PlayVoiceToggleButtonSkin__embed_mxml__styles_images_panel_voice_stopbutton_png_1184254329
81;com.jumpeye.flashEff2.text.dynamicCurve.FETDynamicCurve
93;com.jumpeye.flashEff2.text.horizontalGrow.FETHorizontalGrow
669;anifire.studio.utils.DirectionIcons_BOTTOM_RIGHT
668;anifire.studio.components.TransitionPreview_GoAPreview
96;com.jumpeye.flashEff2.text.spiral.FETSpiral
670;anifire.studio.components.DialogPanel__embed_mxml__styles_images_voicetab_small_lipsync_png_103292671
137;anifire.effect.DRAlertEffect__myThumbnailSymbol
671;anifire.studio.skins.CategoryFavoriteToggleButtonSkin__embed_mxml__styles_images_tray_icon_star_unfavorite_png_400160521
672;anifire.studio.components.DialogPanel__embed_mxml__styles_images_voicetab_small_yourlibrary_png_1735116023
78;com.jumpeye.flashEff2.text.blur.FETBlur
673;anifire.studio.components.ImporterButton_doneIcon
674;anifire.studio.utils.DirectionIcons_TOP_RIGHT
675;anifire.studio.skins.DefaultValueTextInputEditButtonSkin__embed_mxml__styles_images_icons_icon_edit_png_1714305799
676;anifire.studio.components.SoundContainer_imgPlayAt
678;anifire.studio.components.AssetControlBar__embed_mxml__styles_images_toolbar_tools_flip_hover_png_100633153
677;anifire.studio.components.FontDropDownList_coming_soon
145;anifire.bubble.CloudBubble_cloudSymbol
679;anifire.studio.components.WatermarkPanel__embed_mxml__styles_images_watermark_watermark_illustration_png_115924809
150;anifire.bubble.HeartBubble_heartSymbol
29;com.jumpeye.flashEff2.text.creation.FETCreation
680;anifire.studio.skins.MicStopButtonSkin__embed_mxml__styles_images_panel_recordingbar_stop_png_136405815
82;com.jumpeye.flashEff2.text.wavingLines.FETWavingLines
152;anifire.studio.assets.control.ResizableCameraControl_controlSymbolBlue
681;anifire.managers.NativeCursorManager_imgCursor1
98;com.jumpeye.flashEff2.text.fe3D.camMatrix.FET3DCamMatrix
684;anifire.studio.components.FontDropDownList_FontImageBerkshire
683;anifire.studio.utils.DirectionIcons_CENTER
682;anifire.studio.skins.WidgetDataGridSkin__embed_mxml__styles_images_widget_img_swaprange_init_png_1390163929
686;anifire.managers.NativeCursorManager_imgCursor4
685;anifire.studio.components.TransitionPreview__embed_mxml__styles_images_enterexit_slide_thumb_swf_241072703_dataClass
687;anifire.managers.NativeCursorManager_imgCursor3
688;anifire.managers.NativeCursorManager_imgCursor2
